"","Model","RunTime","RAM","RunTime_sd","RAM_sd"
"1","Epifany",1.215,754,0.0271825107171668,3.86436713231718
"2","Fido",15.347,761,0.464089311327991,5.03763612995002
"3","IsoBayes",1.779,1513,0.0792254167970524,591.668723001121
"4","IsoBayes_mRNA",1.787,1434,0.0330151480384384,582.623148641841
"5","PIA",1.724,6417,0.117869984870336,830.290585009583
