"","Model","RunTime","RAM","RunTime_sd","RAM_sd"
"1","EPIFANY",1.2,1.5,0.0223606797749979,3.4070360633316
"2","Fido",15.2,1.5,0.451197237766834,3.94001068660052
"3","IsoBayes",1.8,2.9,0.0864504725870617,706.002601754562
"4","IsoBayes_mRNA",1.8,2.9,0.0489360484929593,618.617242004507
"5","PIA",1.7,12.7,0.102083557106808,700.350220660312
