"","Model","RunTime","RAM","RunTime_sd","RAM_sd"
"1","EPIFANY",1.2,1507,0.0316227766016838,3.86436713231718
"2","FIDO",15.3,1522,0.45752959831396,5.03763612995002
"3","IsoBayes",1.8,3026,0.0875595035770913,591.668723001121
"4","IsoBayes_mRNA",1.8,2869,0.0316227766016838,582.623148641841
"5","PIA",1.7,12833,0.115950180872841,830.290585009583
