"","Model","RunTime","RAM","RunTime_sd","RAM_sd"
"1","Epifany",0.471,96,0.00316227766016838,2.22111083319436
"2","Fido",9.692,101,0.283658636784114,3.53396220818629
"3","IsoBayes",0.497,631,0.0245175673979111,195.946959943529
"4","IsoBayes_mRNA",0.496,619,0.0227058484879019,210.005925842317
"5","PIA",0.361,1011,0.0854335349197778,430.400382073354
