"","Model","RunTime","RAM","RunTime_sd","RAM_sd"
"1","EPIFANY",0.5,0.2,0.0223606797749979,2.98945515190698
"2","Fido",9.6,0.2,0.271981036490647,3.60226536910785
"3","IsoBayes",0.5,1.2,0.0307793505625546,233.876013036147
"4","IsoBayes_mRNA",0.5,1.2,0.0223606797749979,295.617124352644
"5","PIA",0.3,2,0.0745159820370595,492.837872348557
