"","Model","RunTime","RAM","RunTime_sd","RAM_sd"
"1","EPIFANY",0.5,192,0,2.22111083319436
"2","FIDO",9.7,202,0.284604989415155,3.53396220818629
"3","IsoBayes",0.5,1262,0.0316227766016838,195.946959943529
"4","IsoBayes_mRNA",0.5,1237,0,210.005925842317
"5","PIA",0.3,2022,0.0966091783079296,430.400382073354
