"","Model","RunTime","RAM","RunTime_sd","RAM_sd"
"1","EPIFANY",0.5,1148,0.0223606797749979,2.98945515190698
"2","Fido",9.6,1209,0.271981036490647,3.60226536910785
"3","IsoBayes",0.5,7173,0.0307793505625546,233.876013036147
"4","IsoBayes_mRNA",0.5,7256,0.0223606797749979,295.617124352644
"5","PIA",0.3,12259,0.0745159820370595,492.837872348557
