"","Model","RunTime","RAM","RunTime_sd","RAM_sd"
"1","Epifany",0.471,1149.9,0.00316227766016838,2.22111083319436
"2","Fido",9.692,1215,0.283658636784114,3.53396220818629
"3","IsoBayes",0.497,7569.2,0.0245175673979111,195.946959943529
"4","IsoBayes_mRNA",0.496,7422.1,0.0227058484879019,210.005925842317
"5","PIA",0.361,12131.8,0.0854335349197778,430.400382073354
